Domain,IPv4 Address,IPv6 Address,IPv4 Latency (ms),IPv6 Latency (ms),IPv4 Geolocation,IPv6 Geolocation,IPv4 Execution Time (ms),IPv6 Execution Time (ms)
google.co.in,142.250.194.163,,[9.68],,"New Delhi, National Capital Territory of Delhi, India",,139.044,
google.co.in,142.250.194.163,,[9.21],,"New Delhi, National Capital Territory of Delhi, India",,46.536,
google.co.in,142.250.194.163,,[5.4],,"New Delhi, National Capital Territory of Delhi, India",,18.012,
google.co.in,142.250.194.163,,[6.77],,"New Delhi, National Capital Territory of Delhi, India",,60.917,
google.co.in,142.250.194.163,,[6.91],,"New Delhi, National Capital Territory of Delhi, India",,49.756,
google.co.in,,,,,,,,
google.co.in,,,,,,,,
google.co.in,,,,,,,,
google.co.in,,,,,,,,
google.co.in,,,,,,,,
google.co.in,,,,,,,,
google.co.in,142.250.194.163,,[58.5],,"New Delhi, National Capital Territory of Delhi, India",,116.31,
google.co.in,142.250.194.163,,[7.76],,"New Delhi, National Capital Territory of Delhi, India",,24.42,
google.co.in,142.250.194.163,,[16.0],,"New Delhi, National Capital Territory of Delhi, India",,81.30999999999999,
google.co.in,142.250.194.163,,[42.0],,"New Delhi, National Capital Territory of Delhi, India",,67.816,
google.co.in,142.250.194.163,,[24.2],,"New Delhi, National Capital Territory of Delhi, India",,45.567,
google.co.in,142.250.194.163,,[21.4],,"New Delhi, National Capital Territory of Delhi, India",,50.406,
google.co.in,142.250.194.163,,[22.7],,"New Delhi, National Capital Territory of Delhi, India",,63.97,
google.co.in,,,,,,,,
google.co.in,,,,,,,,
facebook.com,157.240.16.35,,[38.9],,"Mumbai, Maharashtra, India",,188.795,
facebook.com,,,,,,,,
facebook.com,,,,,,,,
facebook.com,,,,,,,,
facebook.com,157.240.16.35,,[38.3],,"Mumbai, Maharashtra, India",,76.121,
facebook.com,157.240.16.35,,[45.1],,"Mumbai, Maharashtra, India",,78.919,
facebook.com,157.240.16.35,,[44.8],,"Mumbai, Maharashtra, India",,90.544,
facebook.com,157.240.16.35,,[48.8],,"Mumbai, Maharashtra, India",,68.40499999999999,
facebook.com,,,,,,,,
facebook.com,,,,,,,,
facebook.com,,,,,,,,
facebook.com,,,,,,,,
facebook.com,,,,,,,,
facebook.com,,,,,,,,
facebook.com,157.240.16.35,,[46.1],,"Mumbai, Maharashtra, India",,90.95,
facebook.com,157.240.16.35,,[62.6],,"Mumbai, Maharashtra, India",,86.748,
facebook.com,157.240.16.35,,[41.7],,"Mumbai, Maharashtra, India",,121.48100000000001,
facebook.com,157.240.16.35,,[90.5],,"Mumbai, Maharashtra, India",,158.326,
facebook.com,,,,,,,,
facebook.com,157.240.16.35,,[83.7],,"Mumbai, Maharashtra, India",,127.053,
youtube.com,142.250.194.174,,[9.53],,"New Delhi, National Capital Territory of Delhi, India",,66.246,
youtube.com,142.250.194.174,,[19.0],,"New Delhi, National Capital Territory of Delhi, India",,57.571999999999996,
youtube.com,142.250.194.174,,[5.95],,"New Delhi, National Capital Territory of Delhi, India",,40.928,
youtube.com,142.250.194.174,,[83.9],,"New Delhi, National Capital Territory of Delhi, India",,178.764,
youtube.com,142.250.194.174,,[12.0],,"New Delhi, National Capital Territory of Delhi, India",,55.562,
youtube.com,,,,,,,,
youtube.com,,,,,,,,
youtube.com,,,,,,,,
youtube.com,,,,,,,,
youtube.com,,,,,,,,
youtube.com,142.250.194.174,,[15.2],,"New Delhi, National Capital Territory of Delhi, India",,177.202,
youtube.com,142.250.194.174,,[9.32],,"New Delhi, National Capital Territory of Delhi, India",,102.714,
youtube.com,,,,,,,,
youtube.com,,,,,,,,
youtube.com,142.250.194.174,,[11.4],,"New Delhi, National Capital Territory of Delhi, India",,47.696000000000005,
youtube.com,,,,,,,,
youtube.com,,,,,,,,
youtube.com,142.250.194.174,,[57.2],,"New Delhi, National Capital Territory of Delhi, India",,125.18799999999999,
youtube.com,142.250.194.174,,[50.8],,"New Delhi, National Capital Territory of Delhi, India",,74.457,
youtube.com,142.250.194.174,,[49.6],,"New Delhi, National Capital Territory of Delhi, India",,66.18400000000001,
wikipedia.org,103.102.166.224,,[96.8],,"San Francisco, California, United States",,210.769,
wikipedia.org,,,,,,,,
wikipedia.org,,,,,,,,
wikipedia.org,,,,,,,,
wikipedia.org,,,,,,,,
wikipedia.org,,,,,,,,
wikipedia.org,,,,,,,,
wikipedia.org,,,,,,,,
wikipedia.org,,,,,,,,
wikipedia.org,103.102.166.224,,[93.7],,"San Francisco, California, United States",,141.996,
wikipedia.org,,,,,,,,
wikipedia.org,,,,,,,,
wikipedia.org,,,,,,,,
wikipedia.org,,,,,,,,
wikipedia.org,,,,,,,,
wikipedia.org,103.102.166.224,,[93.9],,"San Francisco, California, United States",,198.291,
wikipedia.org,103.102.166.224,,[91.4],,"San Francisco, California, United States",,115.012,
wikipedia.org,,,,,,,,
wikipedia.org,,,,,,,,
wikipedia.org,,,,,,,,
reddit.com,151.101.193.140,,[65.8],,"Toronto, Ontario, Canada",,164.626,
reddit.com,151.101.193.140,,[12.7],,"Toronto, Ontario, Canada",,58.579,
reddit.com,151.101.193.140,,[10.0],,"Toronto, Ontario, Canada",,71.096,
reddit.com,151.101.193.140,,[8.26],,"Toronto, Ontario, Canada",,54.899,
reddit.com,151.101.193.140,,[8.93],,"Toronto, Ontario, Canada",,53.67100000000001,
reddit.com,151.101.193.140,,[14.9],,"Toronto, Ontario, Canada",,70.87100000000001,
reddit.com,151.101.193.140,,[11.9],,"Toronto, Ontario, Canada",,42.926,
reddit.com,151.101.193.140,,[7.86],,"Toronto, Ontario, Canada",,135.274,
reddit.com,151.101.193.140,,[44.2],,"Toronto, Ontario, Canada",,105.08000000000001,
reddit.com,151.101.193.140,,[9.4],,"Toronto, Ontario, Canada",,38.620000000000005,
reddit.com,151.101.193.140,,[11.5],,"Toronto, Ontario, Canada",,71.624,
reddit.com,151.101.193.140,,[72.0],,"Toronto, Ontario, Canada",,118.285,
reddit.com,151.101.193.140,,[35.4],,"Toronto, Ontario, Canada",,96.913,
reddit.com,151.101.193.140,,[50.0],,"Toronto, Ontario, Canada",,64.735,
reddit.com,151.101.193.140,,[48.9],,"Toronto, Ontario, Canada",,134.08900000000003,
reddit.com,151.101.193.140,,[12.5],,"Toronto, Ontario, Canada",,41.369,
reddit.com,151.101.193.140,,[10.6],,"Toronto, Ontario, Canada",,35.195,
reddit.com,151.101.193.140,,[8.8],,"Toronto, Ontario, Canada",,55.848,
reddit.com,151.101.193.140,,[45.0],,"Toronto, Ontario, Canada",,64.251,
reddit.com,151.101.193.140,,[41.9],,"Toronto, Ontario, Canada",,60.61,
instagram.com,157.240.16.174,,[96.0],,"Mumbai, Maharashtra, India",,225.79399999999998,
instagram.com,157.240.16.174,,[63.9],,"Mumbai, Maharashtra, India",,112.166,
instagram.com,157.240.16.174,,[62.2],,"Mumbai, Maharashtra, India",,84.96199999999999,
instagram.com,,,,,,,,
instagram.com,,,,,,,,
instagram.com,,,,,,,,
instagram.com,,,,,,,,
instagram.com,,,,,,,,
instagram.com,,,,,,,,
instagram.com,,,,,,,,
instagram.com,157.240.16.174,,[92.2],,"Mumbai, Maharashtra, India",,141.29500000000002,
instagram.com,157.240.16.174,,[67.9],,"Mumbai, Maharashtra, India",,107.017,
instagram.com,,,,,,,,
instagram.com,,,,,,,,
instagram.com,157.240.16.174,,[93.2],,"Mumbai, Maharashtra, India",,142.142,
instagram.com,157.240.16.174,,[89.2],,"Mumbai, Maharashtra, India",,148.78900000000002,
instagram.com,,,,,,,,
instagram.com,157.240.16.174,,[92.7],,"Mumbai, Maharashtra, India",,152.195,
instagram.com,157.240.16.174,,[69.9],,"Mumbai, Maharashtra, India",,135.43099999999998,
instagram.com,,,,,,,,
microsoft.com,,,,,,,,
microsoft.com,,,,,,,,
microsoft.com,,,,,,,,
microsoft.com,,,,,,,,
microsoft.com,,,,,,,,
microsoft.com,,,,,,,,
microsoft.com,,,,,,,,
microsoft.com,,,,,,,,
microsoft.com,,,,,,,,
microsoft.com,,,,,,,,
microsoft.com,,,,,,,,
microsoft.com,,,,,,,,
microsoft.com,,,,,,,,
microsoft.com,,,,,,,,
microsoft.com,,,,,,,,
microsoft.com,,,,,,,,
microsoft.com,,,,,,,,
microsoft.com,,,,,,,,
microsoft.com,,,,,,,,
microsoft.com,,,,,,,,
apple.com,17.253.144.10,,[67.3],,"Cupertino, California, United States",,208.283,
apple.com,17.253.144.10,,[55.4],,"Cupertino, California, United States",,103.941,
apple.com,17.253.144.10,,[51.9],,"Cupertino, California, United States",,98.05,
apple.com,17.253.144.10,,[80.7],,"Cupertino, California, United States",,141.987,
apple.com,17.253.144.10,,[61.4],,"Cupertino, California, United States",,116.586,
apple.com,17.253.144.10,,[59.9],,"Cupertino, California, United States",,113.31700000000001,
apple.com,17.253.144.10,,[67.8],,"Cupertino, California, United States",,128.029,
apple.com,17.253.144.10,,[55.1],,"Cupertino, California, United States",,106.776,
apple.com,17.253.144.10,,[41.2],,"Cupertino, California, United States",,97.88900000000001,
apple.com,,,,,,,,
apple.com,17.253.144.10,,[85.0],,"Cupertino, California, United States",,139.093,
apple.com,,,,,,,,
apple.com,17.253.144.10,,[44.5],,"Cupertino, California, United States",,100.422,
apple.com,17.253.144.10,,[70.9],,"Cupertino, California, United States",,148.654,
apple.com,17.253.144.10,,[59.7],,"Cupertino, California, United States",,119.63799999999999,
apple.com,17.253.144.10,,[83.3],,"Cupertino, California, United States",,154.15200000000002,
apple.com,17.253.144.10,,[70.5],,"Cupertino, California, United States",,130.182,
apple.com,17.253.144.10,,[63.3],,"Cupertino, California, United States",,131.443,
apple.com,17.253.144.10,,[69.8],,"Cupertino, California, United States",,116.573,
apple.com,17.253.144.10,,[81.2],,"Cupertino, California, United States",,141.376,
linkedin.com,13.107.42.14,,[8.28],,"Montreal, Quebec, Canada",,129.079,
linkedin.com,13.107.42.14,,[9.92],,"Montreal, Quebec, Canada",,80.08500000000001,
linkedin.com,13.107.42.14,,[8.2],,"Montreal, Quebec, Canada",,60.252,
linkedin.com,13.107.42.14,,[7.91],,"Montreal, Quebec, Canada",,68.618,
linkedin.com,13.107.42.14,,[8.28],,"Montreal, Quebec, Canada",,68.773,
linkedin.com,13.107.42.14,,[7.71],,"Montreal, Quebec, Canada",,62.158,
linkedin.com,13.107.42.14,,[12.0],,"Montreal, Quebec, Canada",,69.51100000000001,
linkedin.com,13.107.42.14,,[25.7],,"Montreal, Quebec, Canada",,85.262,
linkedin.com,13.107.42.14,,[57.4],,"Montreal, Quebec, Canada",,82.08500000000001,
linkedin.com,13.107.42.14,,[6.01],,"Montreal, Quebec, Canada",,28.107,
linkedin.com,13.107.42.14,,[23.4],,"Montreal, Quebec, Canada",,46.64,
linkedin.com,13.107.42.14,,[9.2],,"Montreal, Quebec, Canada",,52.42,
linkedin.com,13.107.42.14,,[41.1],,"Montreal, Quebec, Canada",,85.194,
linkedin.com,13.107.42.14,,[11.6],,"Montreal, Quebec, Canada",,49.841,
linkedin.com,13.107.42.14,,[6.28],,"Montreal, Quebec, Canada",,59.305,
linkedin.com,13.107.42.14,,[37.4],,"Montreal, Quebec, Canada",,85.64,
linkedin.com,13.107.42.14,,[54.6],,"Montreal, Quebec, Canada",,100.70400000000001,
linkedin.com,13.107.42.14,,[61.1],,"Montreal, Quebec, Canada",,87.029,
linkedin.com,13.107.42.14,,[7.85],,"Montreal, Quebec, Canada",,46.059999999999995,
linkedin.com,13.107.42.14,,[6.0],,"Montreal, Quebec, Canada",,53.735,
yahoo.com,,,,,,,,
yahoo.com,,,,,,,,
yahoo.com,,,,,,,,
yahoo.com,,,,,,,,
yahoo.com,,,,,,,,
yahoo.com,,,,,,,,
yahoo.com,,,,,,,,
yahoo.com,,,,,,,,
yahoo.com,,,,,,,,
yahoo.com,,,,,,,,
yahoo.com,,,,,,,,
yahoo.com,,,,,,,,
yahoo.com,,,,,,,,
yahoo.com,,,,,,,,
yahoo.com,,,,,,,,
yahoo.com,,,,,,,,
yahoo.com,,,,,,,,
yahoo.com,,,,,,,,
yahoo.com,,,,,,,,
yahoo.com,,,,,,,,
cnn.com,151.101.67.5,,[11.1],,"Montreal, Quebec, Canada",,95.328,
cnn.com,151.101.67.5,,[10.9],,"Montreal, Quebec, Canada",,55.775,
cnn.com,151.101.67.5,,[7.54],,"Montreal, Quebec, Canada",,44.273,
cnn.com,151.101.67.5,,[12.5],,"Montreal, Quebec, Canada",,82.359,
cnn.com,151.101.67.5,,[8.18],,"Montreal, Quebec, Canada",,50.361999999999995,
cnn.com,151.101.67.5,,[7.56],,"Montreal, Quebec, Canada",,56.921,
cnn.com,151.101.67.5,,[15.7],,"Montreal, Quebec, Canada",,71.80499999999999,
cnn.com,151.101.67.5,,[12.0],,"Montreal, Quebec, Canada",,82.10000000000001,
cnn.com,151.101.67.5,,[8.82],,"Montreal, Quebec, Canada",,70.434,
cnn.com,151.101.67.5,,[10.3],,"Montreal, Quebec, Canada",,61.475,
cnn.com,151.101.195.5,,[8.26],,"Toronto, Ontario, Canada",,678.5949999999999,
cnn.com,151.101.3.5,,[11.7],,"San Francisco, California, United States",,155.278,
cnn.com,151.101.3.5,,[26.4],,"San Francisco, California, United States",,89.639,
cnn.com,,,,,,,,
cnn.com,151.101.3.5,,[18.3],,"San Francisco, California, United States",,81.152,
cnn.com,151.101.3.5,,[21.3],,"San Francisco, California, United States",,80.24000000000001,
cnn.com,151.101.3.5,,[34.2],,"San Francisco, California, United States",,83.25399999999999,
cnn.com,151.101.3.5,,[14.1],,"San Francisco, California, United States",,73.066,
cnn.com,151.101.3.5,,[11.0],,"San Francisco, California, United States",,55.617,
cnn.com,151.101.3.5,,[18.2],,"San Francisco, California, United States",,75.937,
adobe.com,180.149.61.139,,[41.9],,"New Delhi, National Capital Territory of Delhi, India",,494.054,
adobe.com,180.149.61.139,,[41.8],,"New Delhi, National Capital Territory of Delhi, India",,108.569,
adobe.com,180.149.61.139,,[38.2],,"New Delhi, National Capital Territory of Delhi, India",,98.773,
adobe.com,180.149.61.139,,[87.4],,"New Delhi, National Capital Territory of Delhi, India",,154.32299999999998,
adobe.com,180.149.61.139,,[37.5],,"New Delhi, National Capital Territory of Delhi, India",,103.562,
adobe.com,180.149.61.139,,[78.5],,"New Delhi, National Capital Territory of Delhi, India",,128.223,
adobe.com,180.149.61.139,,[49.7],,"New Delhi, National Capital Territory of Delhi, India",,99.079,
adobe.com,180.149.61.139,,[39.3],,"New Delhi, National Capital Territory of Delhi, India",,90.622,
adobe.com,180.149.61.139,,[48.2],,"New Delhi, National Capital Territory of Delhi, India",,70.17099999999999,
adobe.com,180.149.61.139,,[44.8],,"New Delhi, National Capital Territory of Delhi, India",,75.017,
adobe.com,180.149.61.139,,[40.9],,"New Delhi, National Capital Territory of Delhi, India",,100.628,
adobe.com,180.149.61.139,,[52.1],,"New Delhi, National Capital Territory of Delhi, India",,131.27700000000002,
adobe.com,180.149.61.139,,[39.0],,"New Delhi, National Capital Territory of Delhi, India",,122.615,
adobe.com,180.149.61.139,,[82.6],,"New Delhi, National Capital Territory of Delhi, India",,194.219,
adobe.com,180.149.61.139,,[63.7],,"New Delhi, National Capital Territory of Delhi, India",,140.005,
adobe.com,180.149.61.139,,[37.4],,"New Delhi, National Capital Territory of Delhi, India",,100.88900000000001,
adobe.com,180.149.61.139,,[41.2],,"New Delhi, National Capital Territory of Delhi, India",,68.259,
adobe.com,180.149.61.139,,[37.7],,"New Delhi, National Capital Territory of Delhi, India",,77.95,
adobe.com,180.149.61.139,,[40.2],,"New Delhi, National Capital Territory of Delhi, India",,81.834,
adobe.com,180.149.61.139,,[40.2],,"New Delhi, National Capital Territory of Delhi, India",,84.009,
snapdeal.com,,,,,,,,
snapdeal.com,,,,,,,,
snapdeal.com,,,,,,,,
snapdeal.com,,,,,,,,
snapdeal.com,,,,,,,,
snapdeal.com,,,,,,,,
snapdeal.com,,,,,,,,
snapdeal.com,,,,,,,,
snapdeal.com,,,,,,,,
snapdeal.com,,,,,,,,
snapdeal.com,,,,,,,,
snapdeal.com,,,,,,,,
snapdeal.com,,,,,,,,
snapdeal.com,,,,,,,,
snapdeal.com,,,,,,,,
snapdeal.com,18.172.64.24,,[59.0],,"Mumbai, Maharashtra, India",,739.2990000000001,
snapdeal.com,18.172.64.24,,[76.5],,"Mumbai, Maharashtra, India",,105.58,
snapdeal.com,18.172.64.24,2600:9000:2085:c000:18:8de9:2dc0:93a1,[82.0],[92.3],"Mumbai, Maharashtra, India","Seattle, Washington, United States",130.212,138.613
snapdeal.com,18.172.64.24,,[66.1],,"Mumbai, Maharashtra, India",,105.741,
snapdeal.com,18.172.64.24,,[65.4],,"Mumbai, Maharashtra, India",,124.519,
ndtv.com,104.108.206.222,2600:140f:9c00:19c::24e8,[31.1],[47.3],"New Delhi, National Capital Territory of Delhi, India","New Delhi, National Capital Territory of Delhi, India",876.754,385.75
ndtv.com,104.108.206.222,2600:140f:9c00:19c::24e8,[86.6],[36.9],"New Delhi, National Capital Territory of Delhi, India","New Delhi, National Capital Territory of Delhi, India",141.33100000000002,66.57100000000001
ndtv.com,104.108.206.222,,[22.5],,"New Delhi, National Capital Territory of Delhi, India",,47.243,
ndtv.com,104.108.206.222,2600:140f:9c00:19c::24e8,[71.6],[38.0],"New Delhi, National Capital Territory of Delhi, India","New Delhi, National Capital Territory of Delhi, India",110.569,87.733
ndtv.com,104.108.206.222,2600:140f:9c00:19c::24e8,[51.9],[54.3],"New Delhi, National Capital Territory of Delhi, India","New Delhi, National Capital Territory of Delhi, India",86.424,109.696
ndtv.com,104.108.206.222,2600:140f:9c00:19c::24e8,[31.9],[26.3],"New Delhi, National Capital Territory of Delhi, India","New Delhi, National Capital Territory of Delhi, India",64.384,85.755
ndtv.com,104.108.206.222,2600:140f:5:a8d::24e8,[28.8],[61.2],"New Delhi, National Capital Territory of Delhi, India","New Delhi, National Capital Territory of Delhi, India",64.459,113.747
ndtv.com,104.108.226.251,,[9.33],,"New Delhi, National Capital Territory of Delhi, India",,123.88000000000001,
ndtv.com,104.108.226.251,,[38.5],,"New Delhi, National Capital Territory of Delhi, India",,61.872,
ndtv.com,104.108.226.251,,[16.5],,"New Delhi, National Capital Territory of Delhi, India",,37.144999999999996,
ndtv.com,104.108.226.251,,[22.5],,"New Delhi, National Capital Territory of Delhi, India",,56.829,
ndtv.com,104.108.226.251,,[8.78],,"New Delhi, National Capital Territory of Delhi, India",,53.111,
ndtv.com,104.108.226.251,,[26.0],,"New Delhi, National Capital Territory of Delhi, India",,46.193999999999996,
ndtv.com,104.108.226.251,,[46.2],,"New Delhi, National Capital Territory of Delhi, India",,71.665,
ndtv.com,104.108.226.251,,[57.9],,"New Delhi, National Capital Territory of Delhi, India",,80.578,
ndtv.com,104.108.226.251,,[40.3],,"New Delhi, National Capital Territory of Delhi, India",,99.622,
ndtv.com,104.108.226.251,,[20.7],,"New Delhi, National Capital Territory of Delhi, India",,77.086,
ndtv.com,104.108.226.251,,[14.5],,"New Delhi, National Capital Territory of Delhi, India",,30.548,
ndtv.com,104.108.226.251,,[28.1],,"New Delhi, National Capital Territory of Delhi, India",,47.217,
ndtv.com,104.108.226.251,,[45.5],,"New Delhi, National Capital Territory of Delhi, India",,60.629000000000005,
zeenews.india.com,23.63.109.80,,[13.7],,"New Delhi, National Capital Territory of Delhi, India",,25404.441,
zeenews.india.com,23.63.109.80,,[10.6],,"New Delhi, National Capital Territory of Delhi, India",,93.737,
zeenews.india.com,23.63.109.80,,[10.9],,"New Delhi, National Capital Territory of Delhi, India",,28.563000000000002,
zeenews.india.com,23.63.109.80,,[17.5],,"New Delhi, National Capital Territory of Delhi, India",,52.324000000000005,
zeenews.india.com,23.63.109.80,,[15.0],,"New Delhi, National Capital Territory of Delhi, India",,53.487,
zeenews.india.com,23.63.109.80,,[8.44],,"New Delhi, National Capital Territory of Delhi, India",,52.231,
zeenews.india.com,23.63.109.80,,[11.2],,"New Delhi, National Capital Territory of Delhi, India",,86.321,
zeenews.india.com,23.63.109.80,,[10.8],,"New Delhi, National Capital Territory of Delhi, India",,53.985,
zeenews.india.com,23.63.109.80,,[8.26],,"New Delhi, National Capital Territory of Delhi, India",,48.195,
zeenews.india.com,23.63.109.80,,[10.8],,"New Delhi, National Capital Territory of Delhi, India",,48.387,
zeenews.india.com,23.63.109.80,,[42.5],,"New Delhi, National Capital Territory of Delhi, India",,70.477,
zeenews.india.com,23.63.109.80,,[10.6],,"New Delhi, National Capital Territory of Delhi, India",,56.480000000000004,
zeenews.india.com,23.63.109.80,,[11.6],,"New Delhi, National Capital Territory of Delhi, India",,56.085,
zeenews.india.com,23.63.109.80,,[12.0],,"New Delhi, National Capital Territory of Delhi, India",,73.67500000000001,
zeenews.india.com,23.63.109.80,,[19.0],,"New Delhi, National Capital Territory of Delhi, India",,68.589,
zeenews.india.com,23.63.109.80,,[13.8],,"New Delhi, National Capital Territory of Delhi, India",,52.217,
zeenews.india.com,23.63.109.80,,[58.5],,"New Delhi, National Capital Territory of Delhi, India",,124.003,
zeenews.india.com,23.63.109.80,,[15.8],,"New Delhi, National Capital Territory of Delhi, India",,73.317,
zeenews.india.com,23.63.109.80,,[11.6],,"New Delhi, National Capital Territory of Delhi, India",,57.756,
zeenews.india.com,23.63.109.80,,[7.99],,"New Delhi, National Capital Territory of Delhi, India",,48.432,
thehindu.com,172.64.148.21,,[8.73],,"Toronto, Ontario, Canada",,142.90200000000002,
thehindu.com,172.64.148.21,,[30.6],,"Toronto, Ontario, Canada",,99.253,
thehindu.com,172.64.148.21,,[7.41],,"Toronto, Ontario, Canada",,36.804,
thehindu.com,172.64.148.21,,[10.4],,"Toronto, Ontario, Canada",,50.732,
thehindu.com,172.64.148.21,,[10.2],,"Toronto, Ontario, Canada",,62.488,
thehindu.com,172.64.148.21,,[10.2],,"Toronto, Ontario, Canada",,74.904,
thehindu.com,172.64.148.21,,[9.59],,"Toronto, Ontario, Canada",,54.94799999999999,
thehindu.com,172.64.148.21,,[7.9],,"Toronto, Ontario, Canada",,65.76799999999999,
thehindu.com,172.64.148.21,,[13.9],,"Toronto, Ontario, Canada",,51.948,
thehindu.com,172.64.148.21,,[11.4],,"Toronto, Ontario, Canada",,49.739,
thehindu.com,172.64.148.21,,[10.9],,"Toronto, Ontario, Canada",,72.857,
thehindu.com,172.64.148.21,,[11.3],,"Toronto, Ontario, Canada",,69.945,
thehindu.com,172.64.148.21,,[7.49],,"Toronto, Ontario, Canada",,45.127,
thehindu.com,172.64.148.21,,[9.48],,"Toronto, Ontario, Canada",,73.095,
thehindu.com,172.64.148.21,,[8.16],,"Toronto, Ontario, Canada",,46.913000000000004,
thehindu.com,172.64.148.21,,[11.9],,"Toronto, Ontario, Canada",,56.445,
thehindu.com,172.64.148.21,,[50.9],,"Toronto, Ontario, Canada",,110.152,
thehindu.com,172.64.148.21,,[11.0],,"Toronto, Ontario, Canada",,69.475,
thehindu.com,172.64.148.21,,[28.8],,"Toronto, Ontario, Canada",,67.65400000000001,
thehindu.com,172.64.148.21,,[10.9],,"Toronto, Ontario, Canada",,71.865,
rediff.com,,,,,,,,
rediff.com,,,,,,,,
rediff.com,,,,,,,,
rediff.com,,,,,,,,
rediff.com,,,,,,,,
rediff.com,,,,,,,,
rediff.com,,,,,,,,
rediff.com,,,,,,,,
rediff.com,,,,,,,,
rediff.com,,,,,,,,
rediff.com,,,,,,,,
rediff.com,,,,,,,,
rediff.com,,,,,,,,
rediff.com,,,,,,,,
rediff.com,,,,,,,,
rediff.com,,,,,,,,
rediff.com,,,,,,,,
rediff.com,,,,,,,,
rediff.com,,,,,,,,
rediff.com,,,,,,,,
moneycontrol.com,23.15.35.8,,[21.0],,"New Delhi, National Capital Territory of Delhi, India",,164409.68000000002,
moneycontrol.com,23.15.35.26,,[10.7],,"New Delhi, National Capital Territory of Delhi, India",,741.7470000000001,
moneycontrol.com,23.15.35.26,,[17.4],,"New Delhi, National Capital Territory of Delhi, India",,57.925,
moneycontrol.com,23.15.35.26,,[10.1],,"New Delhi, National Capital Territory of Delhi, India",,46.884,
moneycontrol.com,23.15.35.26,,[15.5],,"New Delhi, National Capital Territory of Delhi, India",,36.686,
moneycontrol.com,23.15.35.26,,[9.09],,"New Delhi, National Capital Territory of Delhi, India",,25.864,
moneycontrol.com,23.15.35.26,,[6.15],,"New Delhi, National Capital Territory of Delhi, India",,47.396,
moneycontrol.com,23.15.35.26,,[31.8],,"New Delhi, National Capital Territory of Delhi, India",,71.646,
moneycontrol.com,23.15.35.26,,[9.69],,"New Delhi, National Capital Territory of Delhi, India",,109.96499999999999,
moneycontrol.com,23.15.35.26,,[7.72],,"New Delhi, National Capital Territory of Delhi, India",,44.556,
moneycontrol.com,23.15.35.26,,[11.8],,"New Delhi, National Capital Territory of Delhi, India",,56.986000000000004,
moneycontrol.com,23.15.35.26,,[8.28],,"New Delhi, National Capital Territory of Delhi, India",,42.975,
moneycontrol.com,23.15.35.8,,[29.1],,"New Delhi, National Capital Territory of Delhi, India",,700.7710000000001,
moneycontrol.com,23.15.35.8,,[27.6],,"New Delhi, National Capital Territory of Delhi, India",,68.787,
moneycontrol.com,23.15.35.8,,[22.2],,"New Delhi, National Capital Territory of Delhi, India",,121.205,
moneycontrol.com,23.15.35.8,,[9.39],,"New Delhi, National Capital Territory of Delhi, India",,49.903999999999996,
moneycontrol.com,23.15.35.8,,[9.66],,"New Delhi, National Capital Territory of Delhi, India",,62.298,
moneycontrol.com,23.15.35.8,,[8.92],,"New Delhi, National Capital Territory of Delhi, India",,46.022,
moneycontrol.com,23.15.35.8,,[10.2],,"New Delhi, National Capital Territory of Delhi, India",,60.589,
moneycontrol.com,23.15.35.8,,[12.1],,"New Delhi, National Capital Territory of Delhi, India",,49.556000000000004,
zingoy.com,104.26.15.233,,[23.9],,"Toronto, Ontario, Canada",,124.276,
zingoy.com,104.26.15.233,,[23.6],,"Toronto, Ontario, Canada",,63.605,
zingoy.com,104.26.15.233,,[28.7],,"Toronto, Ontario, Canada",,75.486,
zingoy.com,104.26.15.233,,[42.6],,"Toronto, Ontario, Canada",,82.75699999999999,
zingoy.com,104.26.15.233,,[23.5],,"Toronto, Ontario, Canada",,61.857,
zingoy.com,104.26.15.233,,[24.7],,"Toronto, Ontario, Canada",,71.304,
zingoy.com,104.26.15.233,,[23.8],,"Toronto, Ontario, Canada",,125.83500000000001,
zingoy.com,104.26.15.233,,[23.0],,"Toronto, Ontario, Canada",,69.37,
zingoy.com,104.26.15.233,,[23.7],,"Toronto, Ontario, Canada",,84.213,
zingoy.com,104.26.15.233,,[60.8],,"Toronto, Ontario, Canada",,146.04,
zingoy.com,104.26.15.233,,[72.9],,"Toronto, Ontario, Canada",,161.329,
zingoy.com,104.26.15.233,,[24.5],,"Toronto, Ontario, Canada",,35651.95,
zingoy.com,104.26.15.233,,[23.7],,"Toronto, Ontario, Canada",,482.45799999999997,
zingoy.com,104.26.15.233,,[37.2],,"Toronto, Ontario, Canada",,141.906,
zingoy.com,104.26.15.233,,[26.9],,"Toronto, Ontario, Canada",,473.29900000000004,
zingoy.com,104.26.15.233,,[25.3],,"Toronto, Ontario, Canada",,72.34100000000001,
zingoy.com,104.26.15.233,,[21.8],,"Toronto, Ontario, Canada",,69.335,
zingoy.com,104.26.15.233,,[23.0],,"Toronto, Ontario, Canada",,79.276,
zingoy.com,104.26.15.233,,[25.1],,"Toronto, Ontario, Canada",,71.009,
zingoy.com,104.26.15.233,,[36.3],,"Toronto, Ontario, Canada",,80.512,
bookmyshow.com,104.16.48.182,,[48.1],,"Toronto, Ontario, Canada",,148.72199999999998,
bookmyshow.com,104.16.48.182,,[33.5],,"Toronto, Ontario, Canada",,75.622,
bookmyshow.com,104.16.48.182,,[10.3],,"Toronto, Ontario, Canada",,48.339,
bookmyshow.com,104.16.48.182,,[8.02],,"Toronto, Ontario, Canada",,62.895999999999994,
bookmyshow.com,104.16.48.182,,[11.0],,"Toronto, Ontario, Canada",,56.612,
bookmyshow.com,104.16.48.182,,[36.8],,"Toronto, Ontario, Canada",,96.553,
bookmyshow.com,104.16.48.182,,[21.1],,"Toronto, Ontario, Canada",,73.354,
bookmyshow.com,104.16.48.182,,[11.5],,"Toronto, Ontario, Canada",,54.205999999999996,
bookmyshow.com,104.16.48.182,,[10.2],,"Toronto, Ontario, Canada",,55.073,
bookmyshow.com,104.16.48.182,,[11.0],,"Toronto, Ontario, Canada",,61.400000000000006,
bookmyshow.com,104.16.48.182,,[7.78],,"Toronto, Ontario, Canada",,51.663000000000004,
bookmyshow.com,104.16.48.182,,[10.2],,"Toronto, Ontario, Canada",,71.625,
bookmyshow.com,104.16.48.182,,[31.4],,"Toronto, Ontario, Canada",,88.83000000000001,
bookmyshow.com,104.16.48.182,,[7.82],,"Toronto, Ontario, Canada",,64.801,
bookmyshow.com,104.16.48.182,,[7.86],,"Toronto, Ontario, Canada",,63.005,
bookmyshow.com,104.16.48.182,,[10.6],,"Toronto, Ontario, Canada",,69.30699999999999,
bookmyshow.com,104.16.48.182,,[24.7],,"Toronto, Ontario, Canada",,140.91,
bookmyshow.com,104.16.48.182,,[18.9],,"Toronto, Ontario, Canada",,48926.797999999995,
bookmyshow.com,104.16.48.182,,[24.0],,"Toronto, Ontario, Canada",,128.795,
bookmyshow.com,104.16.48.182,,[10.8],,"Toronto, Ontario, Canada",,113.361,
reliancedigitaltv.com,,,,,,,,
reliancedigitaltv.com,,,,,,,,
reliancedigitaltv.com,,,,,,,,
reliancedigitaltv.com,,,,,,,,
reliancedigitaltv.com,,,,,,,,
reliancedigitaltv.com,,,,,,,,
reliancedigitaltv.com,,,,,,,,
reliancedigitaltv.com,,,,,,,,
reliancedigitaltv.com,,,,,,,,
reliancedigitaltv.com,,,,,,,,
reliancedigitaltv.com,,,,,,,,
reliancedigitaltv.com,,,,,,,,
reliancedigitaltv.com,,,,,,,,
reliancedigitaltv.com,,,,,,,,
reliancedigitaltv.com,,,,,,,,
reliancedigitaltv.com,,,,,,,,
reliancedigitaltv.com,,,,,,,,
reliancedigitaltv.com,,,,,,,,
reliancedigitaltv.com,,,,,,,,
reliancedigitaltv.com,,,,,,,,
hdfclife.com,104.18.33.28,,[12.1],,"Toronto, Ontario, Canada",,320.267,
hdfclife.com,104.18.33.28,,[10.4],,"Toronto, Ontario, Canada",,96.79599999999999,
hdfclife.com,104.18.33.28,,[10.3],,"Toronto, Ontario, Canada",,243.108,
hdfclife.com,104.18.33.28,,[44.6],,"Toronto, Ontario, Canada",,133.064,
hdfclife.com,104.18.33.28,,[44.4],,"Toronto, Ontario, Canada",,98.93299999999999,
hdfclife.com,104.18.33.28,,[6.93],,"Toronto, Ontario, Canada",,62.510999999999996,
hdfclife.com,104.18.33.28,,[19.8],,"Toronto, Ontario, Canada",,81.303,
hdfclife.com,104.18.33.28,,[12.1],,"Toronto, Ontario, Canada",,59.144000000000005,
hdfclife.com,104.18.33.28,,[14.6],,"Toronto, Ontario, Canada",,46.939,
hdfclife.com,104.18.33.28,,[31.5],,"Toronto, Ontario, Canada",,57.065,
hdfclife.com,104.18.33.28,,[60.3],,"Toronto, Ontario, Canada",,75.336,
hdfclife.com,104.18.33.28,,[10.5],,"Toronto, Ontario, Canada",,48.338,
hdfclife.com,104.18.33.28,,[33.7],,"Toronto, Ontario, Canada",,65.104,
hdfclife.com,104.18.33.28,,[9.89],,"Toronto, Ontario, Canada",,43.631,
hdfclife.com,104.18.33.28,,[32.7],,"Toronto, Ontario, Canada",,67.802,
hdfclife.com,104.18.33.28,,[11.3],,"Toronto, Ontario, Canada",,69.354,
hdfclife.com,104.18.33.28,,[24.4],,"Toronto, Ontario, Canada",,56.788,
hdfclife.com,104.18.33.28,,[25.9],,"Toronto, Ontario, Canada",,63.137,
hdfclife.com,104.18.33.28,,[7.79],,"Toronto, Ontario, Canada",,51.617000000000004,
hdfclife.com,104.18.33.28,,[7.13],,"Toronto, Ontario, Canada",,48.085,
shine.com,23.54.86.73,,[41.0],,"New Delhi, National Capital Territory of Delhi, India",,91685.591,
shine.com,23.54.86.73,,[10.2],,"New Delhi, National Capital Territory of Delhi, India",,121.209,
shine.com,23.54.86.73,,[27.9],,"New Delhi, National Capital Territory of Delhi, India",,60.312,
shine.com,23.54.86.73,,[12.5],,"New Delhi, National Capital Territory of Delhi, India",,26.96,
shine.com,23.54.86.73,,[9.49],,"New Delhi, National Capital Territory of Delhi, India",,65.338,
shine.com,23.54.86.73,,[72.3],,"New Delhi, National Capital Territory of Delhi, India",,87.828,
shine.com,23.54.86.73,,[54.4],,"New Delhi, National Capital Territory of Delhi, India",,71.72399999999999,
shine.com,23.54.86.73,,[9.4],,"New Delhi, National Capital Territory of Delhi, India",,24.822,
shine.com,23.54.86.73,,[54.1],,"New Delhi, National Capital Territory of Delhi, India",,72.669,
shine.com,23.54.86.73,,[8.66],,"New Delhi, National Capital Territory of Delhi, India",,30.874,
shine.com,23.54.86.73,,[56.5],,"New Delhi, National Capital Territory of Delhi, India",,78.46400000000001,
shine.com,23.54.86.73,,[8.03],,"New Delhi, National Capital Territory of Delhi, India",,23.499,
shine.com,23.54.86.73,,[77.2],,"New Delhi, National Capital Territory of Delhi, India",,99.939,
shine.com,23.54.86.73,,[8.29],,"New Delhi, National Capital Territory of Delhi, India",,28.909,
shine.com,23.54.86.73,,[57.6],,"New Delhi, National Capital Territory of Delhi, India",,80.05900000000001,
shine.com,23.54.86.73,,[8.24],,"New Delhi, National Capital Territory of Delhi, India",,29.215,
shine.com,23.54.86.73,,[8.05],,"New Delhi, National Capital Territory of Delhi, India",,31.416,
shine.com,23.54.86.73,,[62.0],,"New Delhi, National Capital Territory of Delhi, India",,78.409,
shine.com,23.54.86.73,,[8.23],,"New Delhi, National Capital Territory of Delhi, India",,30.955,
shine.com,23.54.86.73,,[54.5],,"New Delhi, National Capital Territory of Delhi, India",,78.58900000000001,
spicejet.com,104.26.12.170,,[25.3],,"Toronto, Ontario, Canada",,124.849,
spicejet.com,104.26.12.170,,[71.6],,"Toronto, Ontario, Canada",,92.82600000000001,
spicejet.com,104.26.12.170,,[54.0],,"Toronto, Ontario, Canada",,75.194,
spicejet.com,104.26.12.170,,[85.2],,"Toronto, Ontario, Canada",,109.212,
spicejet.com,104.26.12.170,,[70.8],,"Toronto, Ontario, Canada",,85.995,
spicejet.com,104.26.12.170,,[71.9],,"Toronto, Ontario, Canada",,87.55,
spicejet.com,104.26.12.170,,[70.4],,"Toronto, Ontario, Canada",,84.981,
spicejet.com,104.26.12.170,,[53.9],,"Toronto, Ontario, Canada",,69.861,
spicejet.com,104.26.12.170,,[41.3],,"Toronto, Ontario, Canada",,63.928,
spicejet.com,104.26.12.170,,[51.3],,"Toronto, Ontario, Canada",,74.42699999999999,
spicejet.com,104.26.12.170,,[33.3],,"Toronto, Ontario, Canada",,66.261,
spicejet.com,104.26.12.170,,[48.6],,"Toronto, Ontario, Canada",,86.775,
spicejet.com,104.26.12.170,,[52.7],,"Toronto, Ontario, Canada",,84.592,
spicejet.com,104.26.12.170,,[27.4],,"Toronto, Ontario, Canada",,62.995999999999995,
spicejet.com,104.26.12.170,,[44.7],,"Toronto, Ontario, Canada",,79.411,
spicejet.com,104.26.12.170,,[40.9],,"Toronto, Ontario, Canada",,82.244,
spicejet.com,104.26.12.170,,[25.5],,"Toronto, Ontario, Canada",,64.029,
spicejet.com,104.26.12.170,,[61.3],,"Toronto, Ontario, Canada",,162.77800000000002,
spicejet.com,104.26.12.170,,[34.5],,"Toronto, Ontario, Canada",,78.764,
spicejet.com,104.26.12.170,,[43.9],,"Toronto, Ontario, Canada",,80.92399999999999,
aws.amazon.com,108.158.230.150,,[6.14],,"Mumbai, Maharashtra, India",,71.18599999999999,
aws.amazon.com,108.158.230.150,,[6.58],,"Mumbai, Maharashtra, India",,21.078,
aws.amazon.com,108.158.230.150,,[5.85],,"Mumbai, Maharashtra, India",,22.499000000000002,
aws.amazon.com,108.158.230.150,,[60.3],,"Mumbai, Maharashtra, India",,75.707,
aws.amazon.com,108.158.230.150,,[10.1],,"Mumbai, Maharashtra, India",,22.278,
aws.amazon.com,108.158.230.150,,[9.56],,"Mumbai, Maharashtra, India",,21.381,
aws.amazon.com,108.158.230.150,,[6.29],,"Mumbai, Maharashtra, India",,18.268,
aws.amazon.com,108.158.230.150,,[5.99],,"Mumbai, Maharashtra, India",,18.821,
aws.amazon.com,108.158.230.150,,[6.45],,"Mumbai, Maharashtra, India",,20.223000000000003,
aws.amazon.com,108.158.230.150,,[58.1],,"Mumbai, Maharashtra, India",,77.435,
aws.amazon.com,108.158.230.150,,[22.5],,"Mumbai, Maharashtra, India",,59.816,
aws.amazon.com,108.158.230.150,,[33.9],,"Mumbai, Maharashtra, India",,65.905,
aws.amazon.com,108.158.230.150,,[20.2],,"Mumbai, Maharashtra, India",,60.348,
aws.amazon.com,108.158.230.150,,[8.54],,"Mumbai, Maharashtra, India",,43.17,
aws.amazon.com,108.158.230.150,,[49.4],,"Mumbai, Maharashtra, India",,66.13900000000001,
aws.amazon.com,108.158.230.150,,[6.47],,"Mumbai, Maharashtra, India",,77.414,
aws.amazon.com,108.158.230.150,,[35.1],,"Mumbai, Maharashtra, India",,50.624,
aws.amazon.com,108.158.230.150,,[51.5],,"Mumbai, Maharashtra, India",,70.093,
aws.amazon.com,108.158.230.150,,[37.8],,"Mumbai, Maharashtra, India",,57.915,
aws.amazon.com,108.158.230.150,,[43.5],,"Mumbai, Maharashtra, India",,61.436,
azure.microsoft.com,104.108.250.32,,[18.8],,"New Delhi, National Capital Territory of Delhi, India",,113.497,
azure.microsoft.com,104.108.250.32,,[42.3],,"New Delhi, National Capital Territory of Delhi, India",,65.52,
azure.microsoft.com,104.108.250.32,,[63.2],,"New Delhi, National Capital Territory of Delhi, India",,84.14399999999999,
azure.microsoft.com,104.108.250.32,,[6.74],,"New Delhi, National Capital Territory of Delhi, India",,20.119999999999997,
azure.microsoft.com,,,,,,,,
azure.microsoft.com,104.108.250.32,,[7.34],,"New Delhi, National Capital Territory of Delhi, India",,32.347,
azure.microsoft.com,104.108.250.32,,[34.1],,"New Delhi, National Capital Territory of Delhi, India",,55.116,
azure.microsoft.com,104.108.250.32,,[53.0],,"New Delhi, National Capital Territory of Delhi, India",,73.198,
azure.microsoft.com,104.108.250.32,,[57.4],,"New Delhi, National Capital Territory of Delhi, India",,82.15899999999999,
azure.microsoft.com,104.108.250.32,,[4.32],,"New Delhi, National Capital Territory of Delhi, India",,23.063,
azure.microsoft.com,104.108.250.32,,[10.2],,"New Delhi, National Capital Territory of Delhi, India",,29.751,
azure.microsoft.com,104.108.250.32,,[63.9],,"New Delhi, National Capital Territory of Delhi, India",,86.076,
azure.microsoft.com,104.108.250.32,,[37.0],,"New Delhi, National Capital Territory of Delhi, India",,52.697,
azure.microsoft.com,104.108.250.32,,[4.52],,"New Delhi, National Capital Territory of Delhi, India",,26.782,
azure.microsoft.com,104.108.250.32,,[34.9],,"New Delhi, National Capital Territory of Delhi, India",,56.347,
azure.microsoft.com,104.108.250.32,,[70.0],,"New Delhi, National Capital Territory of Delhi, India",,83.82199999999999,
azure.microsoft.com,104.108.250.32,,[60.3],,"New Delhi, National Capital Territory of Delhi, India",,87.40299999999999,
azure.microsoft.com,,,,,,,,
azure.microsoft.com,104.108.250.32,,[10.3],,"New Delhi, National Capital Territory of Delhi, India",,105.556,
azure.microsoft.com,,,,,,,,
adobe.com,180.149.61.139,,[39.0],,"New Delhi, National Capital Territory of Delhi, India",,556.747,
adobe.com,180.149.61.139,,[67.3],,"New Delhi, National Capital Territory of Delhi, India",,101.133,
adobe.com,180.149.61.139,,[69.8],,"New Delhi, National Capital Territory of Delhi, India",,133.02,
adobe.com,180.149.61.139,,[58.6],,"New Delhi, National Capital Territory of Delhi, India",,73.351,
adobe.com,180.149.61.139,,[70.5],,"New Delhi, National Capital Territory of Delhi, India",,92.994,
adobe.com,180.149.61.139,,[62.0],,"New Delhi, National Capital Territory of Delhi, India",,82.363,
adobe.com,180.149.61.139,,[66.6],,"New Delhi, National Capital Territory of Delhi, India",,82.304,
adobe.com,180.149.61.139,,[70.7],,"New Delhi, National Capital Territory of Delhi, India",,88.16499999999999,
adobe.com,180.149.61.139,,[61.8],,"New Delhi, National Capital Territory of Delhi, India",,81.939,
adobe.com,180.149.61.139,,[70.6],,"New Delhi, National Capital Territory of Delhi, India",,89.822,
adobe.com,180.149.61.139,,[67.2],,"New Delhi, National Capital Territory of Delhi, India",,87.17999999999999,
adobe.com,180.149.61.139,,[60.4],,"New Delhi, National Capital Territory of Delhi, India",,81.574,
adobe.com,180.149.61.139,,[56.0],,"New Delhi, National Capital Territory of Delhi, India",,73.722,
adobe.com,180.149.61.139,,[62.0],,"New Delhi, National Capital Territory of Delhi, India",,82.785,
adobe.com,180.149.61.139,,[69.7],,"New Delhi, National Capital Territory of Delhi, India",,84.69,
adobe.com,180.149.61.139,,[72.1],,"New Delhi, National Capital Territory of Delhi, India",,88.599,
adobe.com,180.149.61.139,,[61.3],,"New Delhi, National Capital Territory of Delhi, India",,78.46499999999999,
adobe.com,180.149.61.139,,[71.4],,"New Delhi, National Capital Territory of Delhi, India",,93.168,
adobe.com,180.149.61.139,,[65.5],,"New Delhi, National Capital Territory of Delhi, India",,83.304,
adobe.com,180.149.61.139,,[62.4],,"New Delhi, National Capital Territory of Delhi, India",,82.89,
gimp.org,151.101.1.91,,[8.32],,"Montreal, Quebec, Canada",,100.147,
gimp.org,151.101.1.91,,[9.18],,"Montreal, Quebec, Canada",,30.907,
gimp.org,151.101.1.91,,[61.1],,"Montreal, Quebec, Canada",,84.548,
gimp.org,151.101.1.91,,[8.35],,"Montreal, Quebec, Canada",,26.99,
gimp.org,151.101.1.91,,[7.69],,"Montreal, Quebec, Canada",,29.744,
gimp.org,151.101.1.91,,[7.6],,"Montreal, Quebec, Canada",,39.83,
gimp.org,151.101.1.91,,[50.4],,"Montreal, Quebec, Canada",,73.99300000000001,
gimp.org,151.101.1.91,,[68.1],,"Montreal, Quebec, Canada",,89.52499999999999,
gimp.org,151.101.1.91,,[50.4],,"Montreal, Quebec, Canada",,71.286,
gimp.org,151.101.1.91,,[8.01],,"Montreal, Quebec, Canada",,27.241,
gimp.org,151.101.1.91,,[7.87],,"Montreal, Quebec, Canada",,30.04,
gimp.org,151.101.1.91,,[7.66],,"Montreal, Quebec, Canada",,24.146,
gimp.org,151.101.1.91,,[7.47],,"Montreal, Quebec, Canada",,25.257,
gimp.org,151.101.1.91,,[70.5],,"Montreal, Quebec, Canada",,92.97800000000001,
gimp.org,151.101.1.91,,[29.2],,"Montreal, Quebec, Canada",,63.425999999999995,
gimp.org,151.101.1.91,,[48.1],,"Montreal, Quebec, Canada",,73.473,
gimp.org,151.101.1.91,,[38.5],,"Montreal, Quebec, Canada",,73.70500000000001,
gimp.org,151.101.1.91,,[32.8],,"Montreal, Quebec, Canada",,69.423,
gimp.org,151.101.1.91,,[19.8],,"Montreal, Quebec, Canada",,60.482,
gimp.org,151.101.1.91,,[30.9],,"Montreal, Quebec, Canada",,66.68,
audacityteam.org,104.26.1.108,,[48.5],,"Toronto, Ontario, Canada",,120.89999999999999,
audacityteam.org,104.26.1.108,,[58.0],,"Toronto, Ontario, Canada",,100.434,
audacityteam.org,104.26.1.108,,[42.4],,"Toronto, Ontario, Canada",,83.22,
audacityteam.org,104.26.1.108,,[27.9],,"Toronto, Ontario, Canada",,68.99,
audacityteam.org,104.26.1.108,,[53.8],,"Toronto, Ontario, Canada",,96.03,
audacityteam.org,104.26.1.108,,[39.9],,"Toronto, Ontario, Canada",,80.806,
audacityteam.org,104.26.1.108,,[37.4],,"Toronto, Ontario, Canada",,74.41799999999999,
audacityteam.org,104.26.1.108,,[58.4],,"Toronto, Ontario, Canada",,77.086,
audacityteam.org,104.26.1.108,,[33.9],,"Toronto, Ontario, Canada",,71.608,
audacityteam.org,104.26.1.108,,[45.9],,"Toronto, Ontario, Canada",,82.22200000000001,
audacityteam.org,104.26.1.108,,[40.3],,"Toronto, Ontario, Canada",,80.773,
audacityteam.org,104.26.1.108,,[42.7],,"Toronto, Ontario, Canada",,83.271,
audacityteam.org,104.26.1.108,,[35.0],,"Toronto, Ontario, Canada",,75.78500000000001,
audacityteam.org,104.26.1.108,,[39.2],,"Toronto, Ontario, Canada",,75.24799999999999,
audacityteam.org,104.26.1.108,,[49.2],,"Toronto, Ontario, Canada",,85.756,
audacityteam.org,104.26.1.108,,[41.9],,"Toronto, Ontario, Canada",,82.422,
audacityteam.org,104.26.1.108,,[37.9],,"Toronto, Ontario, Canada",,76.626,
audacityteam.org,104.26.1.108,,[23.8],,"Toronto, Ontario, Canada",,64.50699999999999,
audacityteam.org,104.26.1.108,,[32.4],,"Toronto, Ontario, Canada",,74.244,
audacityteam.org,104.26.1.108,,[35.6],,"Toronto, Ontario, Canada",,74.64,
linux.org,104.26.15.72,,[19.1],,"Toronto, Ontario, Canada",,99.90100000000001,
linux.org,104.26.15.72,,[57.3],,"Toronto, Ontario, Canada",,98.459,
linux.org,104.26.15.72,,[28.1],,"Toronto, Ontario, Canada",,65.744,
linux.org,104.26.15.72,,[22.1],,"Toronto, Ontario, Canada",,62.080999999999996,
linux.org,104.26.15.72,,[20.0],,"Toronto, Ontario, Canada",,58.724,
linux.org,104.26.15.72,,[50.3],,"Toronto, Ontario, Canada",,93.102,
linux.org,104.26.15.72,,[34.6],,"Toronto, Ontario, Canada",,73.328,
linux.org,104.26.15.72,,[33.7],,"Toronto, Ontario, Canada",,73.31400000000001,
linux.org,104.26.15.72,,[21.8],,"Toronto, Ontario, Canada",,54.091,
linux.org,104.26.15.72,,[38.8],,"Toronto, Ontario, Canada",,75.14,
linux.org,104.26.15.72,,[46.0],,"Toronto, Ontario, Canada",,86.29,
linux.org,104.26.15.72,,[33.6],,"Toronto, Ontario, Canada",,73.817,
linux.org,104.26.15.72,,[31.3],,"Toronto, Ontario, Canada",,73.59,
linux.org,104.26.15.72,,[74.4],,"Toronto, Ontario, Canada",,132.946,
linux.org,104.26.15.72,,[89.1],,"Toronto, Ontario, Canada",,145.13400000000001,
linux.org,104.26.15.72,,[31.4],,"Toronto, Ontario, Canada",,64.33500000000001,
linux.org,104.26.15.72,,[22.5],,"Toronto, Ontario, Canada",,62.779,
linux.org,104.26.15.72,,[23.3],,"Toronto, Ontario, Canada",,53.333,
linux.org,104.26.15.72,,[19.3],,"Toronto, Ontario, Canada",,60.973,
linux.org,104.26.15.72,,[63.4],,"Toronto, Ontario, Canada",,83.012,
